book_num,sentence
0,"['uncle', 'vernon', 'gone', 'pale', 'whispered', 'something', 'sounded', 'like', 'mimblewimble', 'hagrid', 'stared', 'wildly', 'harry']"
0,"['she', 'grabbed', 'harry', 'wand', 'tapped', 'lock', 'whispered', 'alohomora']"
0,"['wingardium', 'leviosa', 'shouted', 'waving', 'long', 'arms', 'like', 'windmill']"
0,"['it', 'winggardium', 'leviosa', 'make', 'gar', 'nice', 'long']"
0,"['hermione', 'rolled', 'sleeves', 'gown', 'flicked', 'wand', 'said', 'wingardium', 'leviosa']"
0,"['hermione', 'sunk', 'floor', 'fright', 'ron', 'pulled', 'wand', 'knowing', 'going', 'heard', 'cry', 'first', 'spell', 'came', 'head', 'wingardium', 'leviosa']"
0,"['now', 'forget', 'locomotor', 'mortis', 'hermione', 'muttered', 'ron', 'slipped', 'wand', 'sleeve']"
0,"['petrificus', 'totalus', 'cried', 'pointing', 'neville']"
0,"['they', 'tugged', 'heaved', 'door', 'budge', 'even', 'hermione', 'tried', 'alohomora', 'charm']"
1,"['he', 'rolled', 'sleeves', 'brandished', 'wand', 'bellowed', 'peskipiksi', 'pesternomi']"
1,"['both', 'swung', 'wands', 'heads', 'pointed', 'opponent', 'snape', 'cried', 'expelliarmus', 'there', 'dazzling', 'flash', 'scarlet', 'light', 'lockhart', 'blasted', 'feet', 'he', 'flew', 'backward', 'stage', 'smashed', 'wall', 'slid', 'sprawl', 'floor']"
1,"['he', 'stumbled', 'everything', 'still', 'seemed', 'working', 'wasting', 'time', 'harry', 'pointed', 'wand', 'straight', 'malfoy', 'shouted', 'rictusempra']"
1,"['harry', 'hung', 'back', 'vague', 'feeling', 'would', 'unsporting', 'bewitch', 'malfoy', 'floor', 'mistake', 'gasping', 'breath', 'malfoy', 'pointed', 'wand', 'harry', 'knees', 'choked', 'tarantallegra', 'next', 'second', 'harry', 'legs', 'began', 'jerk', 'around', 'control', 'kind', 'quickstep']"
1,"['finite', 'incantatem', 'shouted', 'harry', 'feet', 'stopped', 'dancing', 'malfoy', 'stopped', 'laughing', 'able', 'look']"
1,"['malfoy', 'raised', 'wand', 'quickly', 'bellowed', 'serpensortia']"
1,"['she', 'tapped', 'diary', 'three', 'times', 'said', 'aparecium']"
1,"['he', 'pulled', 'wand', 'shouted', 'expelliarmus', 'snape', 'disarmed', 'lockhart', 'malfoy', 'found', 'diary', 'shooting', 'hand', 'air']"
1,"['harry', 'took', 'wand', 'murmured', 'lumos', 'tiny', 'light', 'appeared', 'end', 'enough', 'let', 'watch', 'path', 'signs', 'spiders']"
1,"['lockhart', 'barely', 'raised', 'harry', 'bellowed', 'expelliarmus']"
1,"['lumos', 'harry', 'muttered', 'wand', 'lit']"
1,"['he', 'raised', 'ron', 'spellotaped', 'wand', 'high', 'head', 'yelled', 'obliviate']"
2,"['lumos', 'harry', 'muttered', 'light', 'appeared', 'end', 'wand', 'almost', 'dazzling']"
2,"['i', 'eard', 'thought', 'e', 'secondincommand', 'youknow', 'oo', 'ad', 'taken']"
2,"['they', 'ad', 'job', 'coverin', 'din', 'ern', 'stan', 'said']"
2,"['what', 'said', 'ad', 'appened', 'ern']"
2,"['we', 'ad', 'im', 'ere', 'knight', 'bus', 'di', 'n', 'ern']"
2,"['he', 'raised', 'wand', 'shoulder', 'height', 'said', 'waddiwasi', 'pointed', 'peeves']"
2,"['after', 'please', 'riddikulus']"
2,"['riddikulus', 'said', 'class', 'together']"
2,"['and', 'raise', 'wand', 'thus', 'cry', 'riddikulus', 'concentrate', 'hard', 'grandmother', 'clothes']"
2,"['riddikulus', 'cried', 'parvati']"
2,"['riddikulus', 'shouted', 'seamus']"
2,"['riddikulus', 'yelled', 'dean']"
2,"['riddikulus', 'bellowed', 'ron', 'spider', 'legs', 'vanished']"
2,"['then', 'saw', 'silverywhite', 'orb', 'hanging', 'air', 'front', 'lupin', 'said', 'riddikulus', 'almost', 'lazily']"
2,"['riddikulus', 'shouted', 'split', 'second', 'view', 'snape', 'lacy', 'dress', 'neville', 'let', 'great', 'ha', 'laughter', 'boggart', 'exploded', 'burst', 'thousand', 'tiny', 'wisps', 'smoke', 'gone']"
2,"['he', 'handed', 'team', 'watched', 'amazement', 'hermione', 'tapped', 'wand', 'said', 'impervius']"
2,"['the', 'word', 'inside', 'said', 'dissendium']"
2,"['dissendium', 'harry', 'whispered', 'tapping', 'stone', 'witch']"
2,"['he', 'held', 'wand', 'muttered', 'lumos', 'saw', 'narrow', 'low', 'earthy', 'passageway']"
2,"['somewhere', 'hermione', 'whispered', 'mobiliarbus']"
2,"['the', 'incantation', 'lupin', 'cleared', 'throat', 'expecto', 'patronum']"
2,"['expecto', 'patronum', 'harry', 'repeated', 'breath', 'expecto', 'patronum']"
2,"['expecto', 'patrono', 'patronum', 'sorry', 'expecto', 'patronum', 'expecto', 'patronum']"
2,"['expecto', 'patronum', 'harry', 'yelled']"
2,"['expecto', 'patronum']"
2,['expecto']
2,"['expecto', 'patronum', 'harry', 'yelled']"
2,"['expecto', 'patronum']"
2,"['expecto', 'pat']"
2,"['expecto', 'patronum', 'harry', 'bellowed']"
2,"['expecto', 'patronum']"
2,"['expecto', 'patronum']"
2,"['riddikulus', 'roared', 'lupin', 'springing', 'forwards']"
2,"['ron', 'pulled', 'wand', 'muttered', 'lumos']"
2,"['plunging', 'hand', 'neck', 'robes', 'whipped', 'wand', 'roared', 'expecto', 'patronum']"
2,"['harry', 'quickly', 'pulled', 'wand', 'muttered', 'dissendium', 'shoved', 'bag', 'statue', 'could', 'climb', 'neville', 'came', 'around', 'corner']"
2,"['you', 'tap', 'say', 'dissendium', 'said', 'harry']"
2,"['lumos', 'whispered']"
2,"['nox', 'whispered', 'together', 'lights', 'end', 'wands', 'went']"
2,"['he', 'dog', 'animagus']"
2,"['expelliarmus', 'croaked', 'pointing', 'ron', 'wand']"
2,"['expelliarmus', 'lupin', 'shouted']"
2,"['an', 'animagus', 'said', 'black', 'name', 'peter', 'pettigrew']"
2,"['because', 'people', 'would', 'know', 'peter', 'pettigrew', 'animagus']"
2,"['your', 'father', 'sirius', 'cleverest', 'students', 'school', 'lucky', 'animagus', 'transformation', 'go', 'horribly', 'wrong', 'one', 'reason', 'ministry', 'keeps', 'close', 'watch', 'attempting']"
2,"['all', 'year', 'i', 'battling', 'wondering', 'whether', 'i', 'tell', 'dumbledore', 'sirius', 'animagus']"
2,"['and', 'i', 'convinced', 'sirius', 'getting', 'school', 'using', 'dark', 'arts', 'learned', 'voldemort', 'animagus', 'nothing', 'way', 'snape', 'right', 'along']"
2,"['expelliarmus', 'yelled', 'except', 'voice', 'shouted']"
2,"['he', 'hurried', 'ron', 'bent', 'tapped', 'ron', 'leg', 'wand', 'muttered', 'ferula', 'bandages', 'spun', 'ron', 'leg', 'strapping', 'tightly', 'splint']"
2,"['he', 'muttered', 'mobilicorpus', 'as', 'though', 'invisible', 'strings', 'tied', 'snape', 'wrists', 'neck', 'knees', 'pulled', 'standing', 'position', 'head', 'still', 'lolling', 'unpleasantly', 'like', 'grotesque', 'puppet']"
2,"['expelliarmus', 'harry', 'yelled', 'pointing', 'wand', 'pettigrew', 'lupin', 'wand', 'flew', 'high', 'air', 'sight']"
2,"['he', 'forced', 'think', 'sirius', 'sirius', 'began', 'chant', 'expecto', 'patronum']"
2,"['expecto', 'patronum']"
2,"['expecto', 'patronum']"
2,"['expecto', 'patronum']"
2,"['expecto', 'hermione', 'whispered', 'expecto', 'expecto']"
2,"['expecto', 'patronum', 'harry', 'yelled', 'trying', 'blot', 'screaming', 'ears']"
2,"['expecto', 'patronum']"
2,"['expecto', 'expecto', 'patronum']"
2,"['expecto', 'patronum', 'gasped']"
2,"['he', 'innocent', 'expecto', 'expecto', 'patronum']"
2,"['he', 'fight', 'expecto', 'patronum', 'see', 'distance', 'heard', 'familiar', 'screaming', 'expecto', 'patronum', 'groped', 'mist', 'sirius', 'found', 'arm', 'going', 'take']"
2,"['it', 'ron', 'rat', 'animagus', 'pettigrew', 'i', 'mean']"
2,"['expecto', 'patronum', 'yelled']"
2,['alohomora']
3,"['the', 'dursleys', 'never', 'allowed', 'general', 'wish', 'keeping', 'harry', 'miserable', 'possible', 'coupled', 'fear', 'powers', 'led', 'lock', 'school', 'trunk', 'cupboard', 'stairs', 'every', 'summer', 'prior']"
3,"['incendio', 'said', 'mr', 'weasley', 'pointing', 'wand', 'hole', 'wall', 'behind']"
3,"['mrs', 'weasley', 'pointed', 'wand', 'george', 'pocket', 'said', 'accio']"
3,['accio']
3,['accio']
3,"['accio', 'shouted', 'toffees', 'zoomed', 'sorts', 'unlikely', 'places', 'including', 'lining', 'george', 'jacket', 'turnups', 'fred', 'jeans']"
3,"['obliviate', 'said', 'sharply', 'pointing', 'wand', 'mr', 'roberts']"
3,"['ludo', 'whipped', 'wand', 'directed', 'throat', 'said', 'sonorus', 'spoke', 'roar', 'sound', 'filling', 'packed', 'stadium', 'voice', 'echoed', 'booming', 'every', 'corner', 'stands']"
3,"['at', 'last', 'irish', 'team', 'left', 'box', 'perform', 'another', 'lap', 'honor', 'brooms', 'aidan', 'lynch', 'back', 'connolly', 'clutching', 'hard', 'around', 'waist', 'still', 'grinning', 'bemused', 'sort', 'way', 'bagman', 'pointed', 'wand', 'throat', 'muttered', 'quietus']"
3,"['oh', 'stupid', 'lumos']"
3,['morsmordre']
3,"['stupefy', 'roared', 'twenty', 'voices', 'blinding', 'series', 'flashes', 'harry', 'felt', 'hair', 'head', 'ripple', 'though', 'powerful', 'wind', 'swept', 'clearing']"
3,"['he', 'raised', 'wand', 'pointed', 'winky', 'said', 'rennervate']"
3,"['prior', 'incantato', 'roared', 'mr', 'diggory']"
3,"['deletrius', 'mr', 'diggory', 'shouted', 'smoky', 'skull', 'vanished', 'wisp', 'smoke']"
3,"['ron', 'said', 'hermione', 'reproachfully', 'pulled', 'wand', 'muttered', 'reparo', 'glass', 'shards', 'flew', 'back', 'single', 'pane', 'back', 'door']"
3,"['he', 'pointed', 'wand', 'muttered', 'imperio']"
3,['engorgio']
3,"['moody', 'raised', 'wand', 'pointed', 'spider', 'muttered', 'crucio']"
3,"['reducio', 'moody', 'muttered', 'spider', 'shrank', 'back', 'proper', 'size']"
3,"['avada', 'kedavra', 'hermione', 'whispered']"
3,"['avada', 'kedavra', 'killing', 'curse']"
3,"['avada', 'kedavra', 'moody', 'roared']"
3,"['avada', 'kedavra', 'curse', 'needs', 'powerful', 'bit', 'magic', 'behind', 'could', 'get', 'wands', 'point', 'say', 'words', 'i', 'doubt', 'i', 'get', 'much', 'nosebleed']"
3,"['now', 'three', 'curses', 'avada', 'kedavra', 'imperius', 'cruciatus', 'known', 'unforgivable', 'curses']"
3,"['when', 'avada', 'kedavra', 'way', 'spider', 'died', 'snuffed', 'right']"
3,"['moody', 'raised', 'wand', 'pointed', 'harry', 'said', 'imperio']"
3,"['furnunculus', 'harry', 'yelled']"
3,"['densaugeo', 'screamed', 'malfoy']"
3,"['mr', 'ollivander', 'ran', 'fingers', 'along', 'wand', 'apparently', 'checking', 'scratches', 'bumps', 'muttered', 'orchideous', 'bunch', 'flowers', 'burst', 'wand', 'tip']"
3,"['rather', 'thicker', 'one', 'usually', 'sees', 'quite', 'rigid', 'ten', 'quarter', 'inches', 'avis']"
3,"['stupefy', 'shouted', 'unison', 'stunning', 'spells', 'shot', 'darkness', 'like', 'fiery', 'rockets', 'bursting', 'showers', 'stars', 'dragons', 'scaly', 'hides']"
3,['diffindo']
3,"['accio', 'dictionary']"
3,"['accio', 'firebolt', 'shouted']"
3,"['accio', 'parchment']"
3,"['i', 'learned', 'animagus', 'like', 'sirius']"
3,"['an', 'animagus', 'wizard', 'could', 'transform', 'animal']"
3,"['it', 'takes', 'years', 'become', 'animagus', 'register', 'everything', 'said', 'hermione', 'vaguely', 'squinting', 'index', 'weird', 'wizarding', 'dilemmas', 'their', 'solutions']"
3,"['lumos', 'harry', 'whispered', 'fifteen', 'minutes', 'later', 'opened', 'library', 'door']"
3,"['bagman', 'gave', 'harry', 'shoulder', 'quick', 'squeeze', 'returned', 'judges', 'table', 'pointed', 'wand', 'throat', 'done', 'world', 'cup', 'said', 'sonorus', 'voice', 'boomed', 'across', 'dark', 'water', 'toward', 'stands']"
3,"['relashio', 'harry', 'shouted', 'except', 'sound', 'came']"
3,"['they', 'squeezed', 'found', 'cool', 'dimly', 'lit', 'cave']"
3,"['chicken', 'said', 'hoarsely', 'removing', 'old', 'daily', 'prophets', 'mouth', 'throwing', 'onto', 'cave', 'floor']"
3,"['thanks', 'said', 'sirius', 'opening', 'grabbing', 'drumstick', 'sitting', 'cave', 'floor', 'tearing', 'large', 'chunk', 'teeth']"
3,"['he', 'nodded', 'yellowing', 'daily', 'prophets', 'cave', 'floor', 'ron', 'picked', 'unfolded']"
3,"['you', 'three', 'dumbledore', 'ones', 'around', 'know', 'i', 'animagus', 'said', 'sirius', 'shrugging', 'continuing', 'devour', 'chicken', 'leg']"
3,"['when', 'harry', 'finished', 'sirius', 'feet', 'started', 'pacing', 'cave']"
3,"['sirius', 'paced', 'around', 'cave', 'silence']"
3,"['the', 'malfoys', 'said', 'ron', 'suddenly', 'loudly', 'voice', 'echoed', 'around', 'cave', 'buckbeak', 'tossed', 'head', 'nervously']"
3,"['he', 'walked', 'cave', 'back', 'said', 'imagine', 'voldemort', 'powerful']"
3,"['sirius', 'stared', 'cave', 'wall', 'made', 'grimace', 'frustration']"
3,"['sirius', 'lapsed', 'silence', 'still', 'staring', 'cave', 'wall']"
3,"['he', 'transformed', 'great', 'black', 'dog', 'left', 'cave', 'walked', 'back', 'mountainside', 'across', 'boulderstrewn', 'ground', 'back', 'stile']"
3,"['he', 'working', 'flatout', 'get', 'homework', 'though', 'made', 'point', 'sending', 'regular', 'food', 'packages', 'cave', 'mountain', 'sirius', 'last', 'summer', 'harry', 'forgotten', 'felt', 'like', 'continually', 'hungry']"
3,"['lumos', 'dumbledore', 'said', 'lighting', 'wand', 'holding']"
3,"['then', 'dumbledore', 'bent', 'krum', 'pointed', 'wand', 'muttered', 'rennervate']"
3,"['crucio', 'said', 'cold', 'voice']"
3,"['it', 'i', 'suggested', 'mountainside', 'cave', 'safest', 'place', 'stay']"
3,"['bagman', 'pointed', 'wand', 'throat', 'muttered', 'sonorus', 'magically', 'magnified', 'voice', 'echoed', 'stands']"
3,"['he', 'pulled', 'wand', 'muttered', 'lumos', 'heard', 'cedric', 'behind']"
3,"['he', 'summoned', 'happiest', 'thought', 'could', 'concentrated', 'might', 'thought', 'getting', 'maze', 'celebrating', 'ron', 'hermione', 'raised', 'wand', 'cried', 'expecto', 'patronum']"
3,['riddikulus']
3,"['reducto', 'said']"
3,['stupefy']
3,"['impedimenta', 'harry', 'yelled']"
3,['impedimenta']
3,['crucio']
3,"['stupefy', 'harry', 'yelled']"
3,"['stupefy', 'harry', 'yelled', 'spell', 'hit', 'spider', 'gigantic', 'hairy', 'black', 'body', 'good', 'might', 'well', 'thrown', 'stone', 'spider', 'jerked', 'scuttled', 'around', 'ran', 'harry', 'instead']"
3,['stupefy']
3,['impedimenta']
3,['stupefy']
3,"['he', 'could', 'hear', 'cedric', 'yelling', 'stupefy', 'spell', 'effect', 'harry', 'harry', 'raised', 'wand', 'spider', 'opened', 'pincers', 'shouted', 'expelliarmus']"
3,"['without', 'pausing', 'think', 'aimed', 'high', 'spider', 'underbelly', 'done', 'skrewt', 'shouted', 'stupefy', 'cedric', 'yelled', 'thing']"
3,"['a', 'swishing', 'noise', 'second', 'voice', 'screeched', 'words', 'night', 'avada', 'kedavra']"
3,['crucio']
3,['crucio']
3,"['priori', 'incantatem']"
3,"['all', 'learned', 'disarming', 'spell', 'expelliarmus', 'use', 'would', 'deprive', 'voldemort', 'wand', 'even', 'could', 'surrounded', 'death', 'eaters', 'outnumbered', 'least', 'thirty', 'one']"
3,"['he', 'knew', 'facing', 'thing', 'moody', 'always', 'warned', 'unblockable', 'avada', 'kedavra', 'curse', 'voldemort', 'right', 'mother', 'die', 'time']"
3,['imperio']
3,"['as', 'harry', 'shouted', 'expelliarmus', 'voldemort', 'cried', 'avada', 'kedavra']"
3,"['impedimenta', 'bellowed', 'pointing', 'wand', 'wildly', 'shoulder', 'death', 'eaters', 'running']"
3,"['accio', 'harry', 'yelled', 'pointing', 'wand', 'triwizard', 'cup']"
3,"['stupefy', 'there', 'blinding', 'flash', 'red', 'light', 'great', 'splintering', 'crashing', 'door', 'moody', 'office', 'blasted', 'apart']"
3,"['then', 'pointed', 'wand', 'man', 'chest', 'said', 'rennervate']"
3,"['priori', 'incantatem', 'muttered']"
3,"['no', 'see', 'rita', 'skeeter', 'hermione', 'voice', 'trembled', 'quiet', 'triumph', 'unregistered', 'animagus']"
3,"['who', 'used', 'furnunculus', 'curse']"
3,"['point', 'me', 'whispered', 'wand', 'holding', 'flat', 'palm']"
3,"['point', 'me', 'whispered', 'wand', 'spun', 'around', 'pointed', 'righthand', 'one']"
4,"['where', 'wand', 'come', 'lumos']"
4,"['expecto', 'patronum']"
4,"['expecto', 'patronum']"
4,"['expecto', 'patronum']"
4,['lumos']
4,"['that', 'could', 'bit', 'cleaning', 'scourgify', 'she', 'pointed', 'wand', 'hedwig', 'cage', 'feathers', 'droppings', 'vanished']"
4,"['locomotor', 'trunk']"
4,"['bill', 'took', 'wand', 'muttered', 'evanesco', 'scrolls', 'vanished']"
4,"['see', 'i', 'ave', 'left', 'said', 'mundungus', 'leaning', 'forward', 'pleading', 'note', 'voice', 'i', 'ad', 'business', 'opportunity']"
4,"['because', 'ministry', 'magic', 'still', 'voldemort', 'know', 'animagus', 'wormtail', 'told', 'big', 'disguise', 'useless']"
4,"['something', 'worse', 'avada', 'kedavra']"
4,"['but', 'anything', 'worse', 'avada', 'kedavra', 'curse', 'said', 'ron']"
4,"['no', 'riddikulus']"
4,['riddikulus']
4,['riddikulus']
4,"['pulling', 'wand', 'said', 'firmly', 'clearly', 'riddikulus']"
4,['scourgify']
4,['evanesco']
4,"['right', 'well', 'i', 'think', 'tackle', 'essay', 'sprout', 'selffertilizing', 'shrubs', 'first', 'lucky', 'able', 'start', 'mcgonagall', 'inanimatus', 'conjurus', 'lunch']"
4,"['you', 'know', 'probably', 'try', 'get', 'homework', 'done', 'week', 'harry', 'muttered', 'ron', 'finally', 'laid', 'aside', 'professor', 'mcgonagall', 'long', 'essay', 'inanimatus', 'conjurus', 'spell', 'turned', 'miserably', 'professor', 'sinistra', 'equally', 'long', 'difficult', 'essay', 'jupiter', 'moons']"
4,"['reparo', 'harry', 'muttered', 'pointing', 'wand', 'broken', 'pieces', 'china']"
4,"['but', 'twentyeight', 'us', 'none', 'us', 'animagus', 'need', 'much', 'invisibility', 'cloak', 'invisibility', 'marquee']"
4,"['harry', 'pointed', 'wand', 'bullfrog', 'hopping', 'hopefully', 'toward', 'side', 'table', 'accio', 'zoomed', 'gloomily', 'back', 'hand']"
4,['silencio']
4,"['silencio', 'said', 'hermione', 'hastily', 'pointing', 'wand', 'harry', 'frog', 'deflated', 'silently']"
4,['silencio']
4,['silencio']
4,['silencio']
4,"['silencio', 'the', 'raven', 'continued', 'open', 'close', 'sharp', 'beak', 'sound', 'came']"
4,"['er', 'silencio']"
4,"['he', 'pulled', 'wand', 'tapped', 'glasses', 'said', 'impervius']"
4,"['if', 'could', 'keep', 'rain', 'faces', 'would', 'really', 'help', 'visibility', 'together', 'come', 'impervius']"
4,"['they', 'squelched', 'deepening', 'mud', 'middle', 'pitch', 'visibility', 'still', 'poor', 'even', 'impervius', 'charm', 'light', 'fading', 'fast', 'curtains', 'rain', 'sweeping', 'grounds']"
4,"['i', 'thinking', 'first', 'thing', 'expelliarmus', 'know', 'disarming', 'charm']"
4,"['i', 'think', 'expelliarmus', 'exactly', 'going', 'help', 'us', 'youknowwho']"
4,"['the', 'room', 'suddenly', 'full', 'shouts', 'expelliarmus', 'wands', 'flew', 'directions', 'missed', 'spells', 'hit', 'books', 'shelves', 'sent', 'flying', 'air']"
4,"['expelliarmus', 'said', 'neville', 'harry', 'caught', 'unawares', 'felt', 'wand', 'fly', 'hand']"
4,"['he', 'blew', 'whistle', 'everybody', 'stopped', 'shouting', 'expelliarmus', 'last', 'couple', 'wands', 'clattered', 'floor']"
4,"['he', 'could', 'hear', 'girls', 'voices', 'screaming', 'malfoy', 'yelling', 'george', 'swearing', 'whistle', 'blowing', 'bellowing', 'crowd', 'around', 'care', 'somebody', 'vicinity', 'yelled', 'impedimenta', 'knocked', 'backward', 'force', 'spell', 'abandon', 'attempt', 'punch', 'every', 'inch', 'malfoy', 'could', 'reach']"
4,"['so', 'bowed', 'outta', 'way', 'went', 'found', 'nice', 'little', 'cave', 'ter', 'spend', 'night', 'followin', 'mornin', 'went', 'back', 'time', 'found', 'karkus', 'sittin', 'waitin', 'fer', 'us', 'lookin', 'eager']"
4,"['that', 'night', 'fight', 'broke', 'saw', 'mouth', 'cave', 'lookin', 'valley']"
4,"['spent', 'couple', 'days', 'lyin', 'low', 'cave', 'watchin']"
4,"['yeah', 'third', 'night', 'karkus', 'killed', 'crept', 'outta', 'cave', 'bin', 'hidin', 'headed', 'back', 'inter', 'gully', 'keepin', 'eyes', 'skinned', 'fer', 'death', 'eaters']"
4,"['cave', 'must', 'cramped', 'said', 'ron']"
4,"['the', 'room', 'soon', 'full', 'intermittent', 'cries', 'impedimenta', 'people', 'froze', 'minute', 'partners', 'would', 'stare', 'aimlessly', 'around', 'room', 'watching', 'pairs', 'work', 'would', 'unfreeze', 'take', 'turn', 'jinx']"
4,"['he', 'raised', 'wand', 'murmured', 'portus', 'moment', 'kettle', 'trembled', 'glowing', 'odd', 'blue', 'light', 'quivered', 'rest', 'solidly', 'black', 'ever']"
4,"['accio', 'butterbeer']"
4,"['perhaps', 'animagus']"
4,"['perhaps', 'voldemort', 'animagus']"
4,"['the', 'healer', 'pointed', 'wand', 'door', 'janus', 'thickey', 'ward', 'muttered', 'alohomora', 'the', 'door', 'swung', 'open', 'led', 'way', 'inside', 'keeping', 'firm', 'grasp', 'gilderoy', 'arm', 'settled', 'armchair', 'beside', 'bed']"
4,['legilimens']
4,"['let', 'go', 'count', 'three', 'one', 'two', 'three', 'legilimens']"
4,['legilimens']
4,"['bode', 'injured', 'workplace', 'accident', 'weeks', 'prior', 'death']"
4,"['bode', 'whose', 'health', 'improving', 'steadily', 'prior', 'tragic', 'accident']"
4,"['otherwise', 'well', 'know', 'i', 'inform', 'authorities', 'unregistered', 'animagus']"
4,"['one', 'two', 'three', 'legilimens']"
4,['protego']
4,"['reparo', 'hissed', 'snape', 'jar', 'sealed']"
4,"['harry', 'time', 'gather', 'together', 'attempt', 'clear', 'mind', 'snape', 'already', 'cried', 'legilimens']"
4,"['professor', 'flitwick', 'went', 'scurrying', 'wand', 'held', 'squeaked', 'locomotor', 'trunks', 'professor', 'trelawney', 'luggage', 'rose', 'air', 'proceeded', 'staircase', 'professor', 'flitwick', 'bringing', 'rear']"
4,"['firecrackers', 'exploding', 'like', 'mines', 'everywhere', 'harry', 'looked', 'instead', 'burning', 'fading', 'sight', 'fizzling', 'halt', 'pyrotechnical', 'miracles', 'seemed', 'gaining', 'energy', 'momentum', 'longer', 'watched']"
4,"['they', 'school', 'unless', 'something', 'stupefy']"
4,['accio']
4,"['snape', 'reacted', 'fast', 'though', 'expecting', 'attack', 'dropping', 'bag', 'plunged', 'hand', 'inside', 'robes', 'wand', 'halfway', 'air', 'james', 'shouted', 'expelliarmus']"
4,"['impedimenta', 'said', 'pointing', 'wand', 'snape', 'knocked', 'feet', 'halfway', 'dive', 'toward', 'fallen', 'wand']"
4,['scourgify']
4,"['disentangling', 'robes', 'got', 'quickly', 'feet', 'wand', 'sirius', 'said', 'petrificus', 'totalus', 'snape', 'keeled', 'rigid', 'board']"
4,"['so', 'even', 'bewitched', 'door', 'alohomora', 'work', 'i', 'bet']"
4,"['and', 'umbridge', 'could', 'say', 'word', 'raised', 'wands', 'said', 'together', 'accio', 'brooms']"
4,"['reparo', 'said', 'hermione', 'quickly', 'mending', 'ron', 'cup', 'wave', 'wand']"
4,"['they', 'murmured', 'lumos', 'wand', 'tips', 'ignited']"
4,"['expecto', 'patronum']"
4,"['harry', 'saw', 'longfingered', 'white', 'hand', 'clutching', 'wand', 'rise', 'end', 'arm', 'heard', 'high', 'cold', 'voice', 'say', 'crucio']"
4,"['be', 'quiet', 'shouted', 'hermione', 'late', 'umbridge', 'pointed', 'wand', 'magorian', 'screamed', 'incarcerous']"
4,['flagrate']
4,"['she', 'pointed', 'wand', 'place', 'lock', 'would', 'ordinary', 'door', 'said', 'alohomora']"
4,"['the', 'words', 'hardly', 'mouth', 'female', 'death', 'eater', 'shrieked', 'accio', 'proph']"
4,"['he', 'shouted', 'protego', 'finished', 'spell', 'though', 'glass', 'sphere', 'slipped', 'tips', 'fingers', 'managed', 'cling']"
4,"['five', 'different', 'voices', 'behind', 'bellowed', 'reducto', 'five', 'curses', 'flew', 'five', 'different', 'directions', 'shelves', 'opposite', 'exploded', 'hit']"
4,"['something', 'heavy', 'struck', 'side', 'face', 'merely', 'ducked', 'head', 'sprinted', 'onward', 'hand', 'caught', 'shoulder', 'heard', 'hermione', 'shout', 'stupefy', 'hand', 'released']"
4,"['colloportus', 'gasped', 'hermione', 'door', 'sealed', 'odd', 'squelching', 'noise']"
4,['alohomora']
4,"['poking', 'wand', 'desk', 'shouted', 'stupefy']"
4,['avada']
4,"['neville', 'overturned', 'desk', 'anxiety', 'help', 'pointing', 'wand', 'wildly', 'struggling', 'pair', 'cried', 'expelliarmus']"
4,"['harry', 'flung', 'sideways', 'neville', 'took', 'aim', 'shouted', 'stupefy']"
4,"['stupefy', 'screamed', 'hermione', 'caught']"
4,"['accio', 'wand', 'cried', 'hermione']"
4,"['with', 'cry', 'triumph', 'yelled', 'impedimenta']"
4,"['silencio', 'cried', 'hermione', 'man', 'voice', 'extinguished']"
4,"['petrificus', 'totalus', 'shouted', 'harry', 'second', 'death', 'eater', 'raised', 'wand']"
4,"['harry', 'seized', 'chance', 'petrificus', 'totalus']"
4,"['colloportus', 'shouted', 'harry', 'heard', 'three', 'bodies', 'slam', 'door', 'side']"
4,['colloportus']
4,"['honest', 'harry', 'brains', 'look', 'accio', 'brain']"
4,"['diffindo', 'yelled', 'harry', 'trying', 'sever', 'feelers', 'wrapping', 'tightly', 'around', 'ron', 'eyes', 'would', 'break']"
4,['crucio']
4,"['the', 'man', 'relinquished', 'harry', 'howl', 'pain', 'harry', 'whirled', 'around', 'face', 'gasped', 'stupefy']"
4,"['tarantallegra', 'shouted', 'wand', 'pointing', 'neville', 'whose', 'legs', 'went', 'immediately', 'kind', 'frenzied', 'tap', 'dance', 'unbalancing', 'causing', 'fall', 'floor']"
4,"['he', 'made', 'slashing', 'movement', 'wand', 'used', 'hermione', 'harry', 'yelled', 'protego']"
4,"['accio', 'proph']"
4,"['springing', 'harry', 'yelled', 'petrificus', 'totalus', 'once', 'dolohov', 'arms', 'legs', 'snapped', 'together', 'keeled', 'backward', 'landing', 'crash', 'back']"
4,"['malfoy', 'pointed', 'wand', 'instead', 'neville', 'harry', 'jabbed', 'wand', 'back', 'shoulder', 'yelled', 'impedimenta']"
4,"['here', 'said', 'lupin', 'quietly', 'pointing', 'wand', 'neville', 'legs', 'said', 'finite', 'the', 'spell', 'lifted']"
4,"['the', 'brains', 'slipped', 'slid', 'began', 'spinning', 'long', 'colored', 'tentacles', 'shouted', 'wingardium', 'leviosa', 'flew', 'air', 'away']"
4,"['he', 'flung', 'behind', 'fountain', 'bellowed', 'crucio']"
4,"['she', 'screamed', 'crucio', 'forced', 'duck', 'centaur', 'arm', 'holding', 'bow', 'spun', 'landed', 'crash', 'floor', 'short', 'distance', 'golden', 'wizard', 'head']"
4,"['stupefy', 'yelled', 'harry']"
4,['protego']
4,"['you', 've', 'got', 'it', 'potter', 'and', 'you', 'will', 'give', 'it', 'to', 'me', 'accio', 'prophecy']"
4,"['accio', 'prophecy']"
4,"['master', 'i', 'sorry', 'i', 'knew', 'i', 'fighting', 'animagus', 'black', 'sobbed', 'bellatrix', 'flinging', 'voldemort', 'feet', 'paced', 'slowly', 'nearer']"
4,"['avada', 'kedavra']"
4,"['he', 'pointed', 'wand', 'muttered', 'portus', 'the', 'head', 'glowed', 'blue', 'trembled', 'noisily', 'wooden', 'floor', 'seconds', 'became', 'still']"
4,"['but', 'i', 'sufficiently', 'accomplished', 'legilimens', 'know', 'i', 'lied', 'i', 'persuaded', 'tell', 'full', 'story', 'i', 'left', 'department', 'mysteries']"
4,"['up', 'cave', 'like', 'sirius']"
4,"['don', 'stupid', 'much', 'quicker', 'i', 'pack']"
5,"['fooled', 'dark', 'lord', 'greatest', 'wizard', 'accomplished', 'legilimens', 'world', 'ever', 'seen']"
5,['lumos']
5,"['you', 'join', 'order', 'teach', 'hogwarts', 'said', 'harry', 'could', 'quite', 'keep', 'note', 'derision', 'voice', 'it', 'hard', 'sympathize', 'slughorn', 'cosseted', 'existence', 'remembered', 'sirius', 'crouching', 'cave', 'living', 'rats']"
5,"['at', 'beauxbatons', 'said', 'fleur', 'complacently', 'ad', 'different', 'way', 'things']"
5,"['anapneo', 'said', 'slughorn', 'calmly', 'pointing', 'wand', 'belby', 'whose', 'airway', 'seemed', 'clear']"
5,"['petrificus', 'totalus']"
5,"['then', 'remembered', 'wizards', 'like', 'dumbledore', 'could', 'perform', 'spells', 'without', 'speaking', 'tried', 'summon', 'wand', 'fallen', 'hand', 'saying', 'words', 'accio', 'wand', 'head', 'nothing', 'happened']"
5,"['she', 'pulled', 'open', 'train', 'door', 'leapt', 'onto', 'platform', 'seemed', 'sliding', 'underneath', 'train', 'gathered', 'momentum']"
5,"['episkey', 'said', 'tonks']"
5,"['alohomora', 'said', 'confidently', 'pointing', 'wand', 'padlock', 'nothing', 'happened']"
5,"['she', 'raised', 'wand', 'said', 'tergeo', 'siphoned', 'dried', 'blood']"
5,"['he', 'got', 'new', 'home', 'mountains', 'dumbledore', 'fixed', 'nice', 'big', 'cave']"
5,"['he', 'turned', 'wand', 'harry', 'fast', 'harry', 'reacted', 'instinctively', 'thought', 'nonverbal', 'spells', 'forgotten', 'yelled', 'protego']"
5,"['specialis', 'revelio', 'said', 'rapping', 'smartly', 'front', 'cover']"
5,"['merope', 'stumbled', 'across', 'room', 'time', 'raise', 'wand', 'ogden', 'lifted', 'said', 'firmly', 'reparo', 'the', 'pot', 'mended', 'instantly']"
5,"['both', 'harry', 'ogden', 'yelled', 'no', 'time', 'ogden', 'raised', 'wand', 'cried', 'relashio', 'gaunt', 'thrown', 'backward', 'away', 'daughter', 'tripped', 'chair', 'fell', 'flat', 'back']"
5,"['and', 'supposed', 'practicing', 'aguamenti', 'charm', 'flitwick']"
5,"['he', 'pulled', 'old', 'copy', 'advanced', 'potionmaking', 'bag', 'tapped', 'cover', 'wand', 'muttering', 'diffindo', 'the', 'cover', 'fell']"
5,"['he', 'swapped', 'covers', 'tapped', 'said', 'reparo']"
5,"['there', 'hex', 'caused', 'toenails', 'grow', 'alarmingly', 'fast', 'tried', 'crabbe', 'corridor', 'entertaining', 'results', 'jinx', 'glued', 'tongue', 'roof', 'mouth', 'twice', 'used', 'general', 'applause', 'unsuspecting', 'argus', 'filch', 'perhaps', 'useful', 'muffliato', 'spell', 'filled', 'ears', 'anyone', 'nearby', 'unidentifiable', 'buzzing', 'lengthy', 'conversations', 'could', 'held', 'class', 'without', 'overheard']"
5,"['the', 'person', 'find', 'charms', 'amusing', 'hermione', 'maintained', 'rigidly', 'disapproving', 'expression', 'throughout', 'refused', 'talk', 'harry', 'used', 'muffliato', 'spell', 'anyone', 'vicinity']"
5,"['levicorpus', 'nvbl']"
5,"['pointing', 'wand', 'nothing', 'particular', 'gave', 'upward', 'flick', 'said', 'levicorpus']"
5,"['he', 'groped', 'potion', 'book', 'riffled', 'panic', 'trying', 'find', 'right', 'page', 'last', 'located', 'deciphered', 'one', 'cramped', 'word', 'underneath', 'spell', 'praying', 'counterjinx', 'harry', 'thought', 'liberacorpus']"
5,"['and', 'mrs', 'cole', 'took', 'another', 'swig', 'gin', 'slopping', 'little', 'chin', 'time', 'summer', 'outing', 'take', 'know', 'year', 'countryside', 'seaside', 'well', 'amy', 'benson', 'dennis', 'bishop', 'never', 'quite', 'right', 'afterwards', 'ever', 'got', 'gone', 'cave', 'tom', 'riddle']"
5,"['the', 'little', 'stories', 'strangled', 'rabbit', 'young', 'boy', 'girl', 'lured', 'cave', 'suggestive']"
5,"['okay', 'professor', 'starting', 'said', 'ron', 'adding', 'quietly', 'turned', 'away', 'used', 'muffliato', 'harry']"
5,"['reparo', 'said', 'hastily', 'poking', 'pieces', 'wand', 'bowl', 'sprang', 'back', 'together']"
5,"['i', 'fix', 'said', 'harry', 'landing', 'beside', 'two', 'girls', 'pointing', 'wand', 'demelza', 'mouth', 'saying', 'episkey', 'and', 'ginny', 'call', 'ron', 'prat', 'captain', 'team']"
5,"['oppugno', 'came', 'shriek', 'doorway']"
5,"['one', 'levicorpus']"
5,"['as', 'far', 'i', 'aware', 'know', 'day', 'riddles', 'died', 'avada', 'kedavra', 'curse', 'usually', 'leave', 'sign', 'damage']"
5,"['ernie', 'macmillan', 'however', 'muttering', 'specialis', 'revelio', 'cauldron', 'sounded', 'impressive', 'harry', 'ron', 'hastened', 'imitate']"
5,"['harry', 'reacted', 'instinctively', 'wand', 'pocket', 'incantation', 'sprang', 'mind', 'without', 'conscious', 'thought', 'levicorpus']"
5,"['harry', 'pointed', 'wand', 'hastily', 'door', 'madam', 'pomfrey', 'office', 'muttered', 'muffliato', 'would', 'come', 'running']"
5,"['harry', 'aimed', 'wand', 'peeves', 'said', 'langlock', 'peeves', 'clutched', 'throat', 'gulped', 'swooped', 'room', 'making', 'obscene', 'gestures', 'unable', 'speak', 'owing', 'fact', 'tongue', 'glued', 'roof', 'mouth']"
5,"['yeah', 'i', 'said', 'harry', 'glancing', 'toward', 'madam', 'pomfrey', 'office', 'door', 'check', 'muffliato', 'spell', 'still', 'working', 'sign', 'heard', 'commotion']"
5,"['she', 'tapped', 'broken', 'scales', 'wand', 'said', 'reparo', 'the', 'girl', 'say', 'thank', 'remained', 'rooted', 'spot', 'passed', 'watched', 'sight', 'ron', 'glanced', 'back']"
5,"['he', 'found', 'incantation', 'sectumsempra', 'scrawled', 'margin', 'intriguing', 'words', 'for', 'enemies', 'itching', 'try', 'thought', 'best', 'front', 'hermione']"
5,['sectumsempra']
5,"['exhausted', 'delighted', 'night', 'work', 'harry', 'told', 'ron', 'hermione', 'everything', 'happened', 'next', 'morning', 'charms', 'lesson', 'first', 'cast', 'muffliato', 'spell', 'upon', 'nearest']"
5,"['harry', 'put', 'book', 'away', 'noticed', 'corner', 'page', 'folded', 'turning', 'saw', 'sectumsempra', 'spell', 'captioned', 'for', 'enemies', 'marked', 'weeks', 'previously']"
5,"['malfoy', 'hex', 'missed', 'harry', 'inches', 'shattering', 'lamp', 'wall', 'beside', 'harry', 'threw', 'sideways', 'thought', 'levicorpus']"
5,"['sectumsempra', 'bellowed', 'harry', 'floor', 'waving', 'wand', 'wildly']"
5,"['but', 'call', 'sectumsempra', 'spell', 'good', 'ginny', 'look', 'landed']"
5,"['i', 'sure', 'though', 'i', 'think', 'rule', 'snake', 'i', 'believe', 'hidden', 'cave', 'coast', 'many', 'miles', 'cave', 'i', 'trying', 'locate', 'long', 'time', 'cave', 'tom', 'riddle', 'terrorized', 'two', 'children', 'orphanage', 'annual', 'trip', 'remember']"
5,"['the', 'cave']"
5,"['lumos', 'said', 'dumbledore', 'reached', 'boulder', 'closest', 'cliff', 'face']"
5,"['when', 'harry', 'reached', 'spot', 'found', 'steps', 'led', 'large', 'cave']"
5,"['dumbledore', 'standing', 'middle', 'cave', 'wand', 'held', 'high', 'turned', 'slowly', 'spot', 'examining', 'walls', 'ceiling']"
5,"['dumbledore', 'approached', 'wall', 'cave', 'caressed', 'blackened', 'fingertips', 'murmuring', 'words', 'strange', 'tongue', 'harry', 'understand']"
5,"['twice', 'dumbledore', 'walked', 'right', 'around', 'cave', 'touching', 'much', 'rough', 'rock', 'could', 'occasionally', 'pausing', 'running', 'fingers', 'backward', 'forward', 'particular', 'spot', 'finally', 'stopped', 'hand', 'pressed', 'flat', 'wall']"
5,"['dumbledore', 'stepped', 'back', 'cave', 'wall', 'pointed', 'wand', 'rock']"
5,"['thank', 'said', 'harry', 'gratefully', 'dumbledore', 'already', 'turned', 'attention', 'back', 'solid', 'cave', 'wall']"
5,"['harry', 'expected', 'cleared', 'throat', 'said', 'loudly', 'wand', 'aloft', 'accio', 'horcrux']"
5,"['no', 'said', 'harry', 'shaking', 'dumbledore', 'dead', 'said', 'poison', 'wake', 'wake', 'rennervate', 'cried', 'wand', 'pointing', 'dumbledore', 'chest', 'flash', 'red', 'light', 'nothing', 'happened']"
5,"['rennervate', 'sir', 'please']"
5,"['aguamenti', 'shouted', 'jabbing', 'goblet', 'wand']"
5,"['but', 'i', 'wait', 'aguamenti', 'said', 'harry', 'pointing', 'wand', 'goblet']"
5,"['aguamenti', 'aguamenti', 'aguamenti']"
5,"['petrificus', 'totalus', 'yelled', 'harry', 'struggling', 'cling', 'smooth', 'soaked', 'surface', 'island', 'pointed', 'wand', 'inferius', 'arm', 'it', 'released', 'falling', 'backward', 'water', 'splash', 'scrambled', 'feet', 'many', 'inferi', 'already', 'climbing', 'onto', 'rock', 'bony', 'hands', 'clawing', 'slippery', 'surface', 'blank', 'frosted', 'eyes', 'upon', 'trailing', 'waterlogged', 'rags', 'sunken', 'faces', 'leering']"
5,"['petrificus', 'totalus', 'harry', 'bellowed', 'backing', 'away', 'swiped', 'wand', 'air', 'six', 'seven', 'crumpled', 'coming', 'toward']"
5,['impedimenta']
5,['incarcerous']
5,"['still', 'slashing', 'air', 'wand', 'harry', 'yelled', 'sectumsempra', 'sectumsempra']"
5,"['they', 'crossed', 'outer', 'cave', 'harry', 'helped', 'dumbledore', 'back', 'icy', 'seawater', 'filled', 'crevice', 'cliff']"
5,"['accio', 'rosmerta', 'brooms']"
5,"['the', 'door', 'burst', 'open', 'somebody', 'erupted', 'shouted', 'expelliarmus']"
5,"['he', 'could', 'understand', 'happened', 'expelliarmus', 'freezing', 'charm']"
5,"['but', 'moment', 'renewed', 'sounds', 'scuffling', 'voice', 'shouted', 'they', 'blocked', 'stairs', 'reducto']"
5,['reducto']
5,"['avada', 'kedavra']"
5,"['petrificus', 'totalus']"
5,"['petrificus', 'totalus']"
5,"['harry', 'saw', 'red', 'hair', 'flying', 'like', 'flames', 'front', 'ginny', 'locked', 'combat', 'lumpy', 'death', 'eater', 'amycus', 'throwing', 'hex', 'hex', 'dodged', 'amycus', 'giggling', 'enjoying', 'sport', 'crucio', 'crucio', 'dance', 'forever', 'pretty']"
5,"['impedimenta', 'yelled', 'harry']"
5,"['impedimenta', 'yelled', 'rolled', 'crouching', 'close', 'dark', 'ground', 'miraculously', 'jinx', 'hit', 'one', 'stumbled', 'fell', 'tripping', 'harry', 'leapt', 'feet', 'sprinted', 'snape']"
5,"['harry', 'tore', 'past', 'hagrid', 'opponent', 'took', 'aim', 'snape', 'back', 'yelled', 'stupefy']"
5,"['but', 'snape', 'parried', 'curse', 'knocking', 'harry', 'backward', 'feet', 'could', 'complete', 'harry', 'rolled', 'scrambled', 'back', 'huge', 'death', 'eater', 'behind', 'yelled', 'incendio', 'harry', 'heard', 'explosive', 'bang', 'dancing', 'orange', 'light', 'spilled', 'hagrid', 'house', 'fire']"
5,"['we', 'put', 'house', 'said', 'harry', 'charm', 'aguamenti']"
5,"['knew', 'summat', 'like', 'mumbled', 'hagrid', 'raised', 'smoldering', 'pink', 'flowery', 'umbrella', 'said', 'aguamenti']"
5,"['harry', 'raised', 'wand', 'arm', 'felt', 'like', 'lead', 'murmured', 'aguamenti', 'together', 'hagrid', 'poured', 'water', 'house', 'last', 'flame', 'extinguished']"
5,"['harry', 'remembered', 'snape', 'mended', 'malfoy', 'sectumsempra', 'wounds', 'easily', 'wand']"
5,"['the', 'avada', 'kedavra', 'harry', 'go']"
5,"['we', 'tried', 'everything', 'lumos', 'incendio', 'said', 'ginny']"
5,"['he', 'knew', 'i', 'used', 'sectumsempra']"
6,"['avada', 'kedavra']"
6,"['wriggling', 'around', 'cried', 'stupefy', 'red', 'bolt', 'light', 'shot', 'wand', 'cleaving', 'gap', 'four', 'pursuing', 'death', 'eaters', 'scattered', 'avoid']"
6,['reparo']
6,"['in', 'desperation', 'harry', 'pointed', 'wand', 'sidecar', 'shouted', 'wingardium', 'leviosa']"
6,"['i', 'comin', 'harry', 'hagrid', 'yelled', 'darkness', 'harry', 'could', 'feel', 'sidecar', 'beginning', 'sink', 'crouching', 'low', 'could', 'pointed', 'middle', 'oncoming', 'figures', 'yelled', 'impedimenta']"
6,"['as', 'soared', 'upward', 'away', 'two', 'remaining', 'death', 'eaters', 'harry', 'spat', 'blood', 'mouth', 'pointed', 'wand', 'falling', 'sidecar', 'yelled', 'confringo']"
6,"['expelliarmus', 'harry', 'yelled']"
6,"['it', 'he', 'could', 'see', 'hear', 'voldemort', 'glimpsed', 'another', 'death', 'eater', 'swooping', 'way', 'heard', 'avada']"
6,"['hagrid', 'accio', 'hagrid']"
6,"['stan', 'i', 'stunned', 'fallen', 'died', 'i', 'used', 'avada', 'kedavra']"
6,"['expelliarmus', 'saved', 'voldemort', 'two', 'years', 'ago', 'harry', 'added', 'defiantly']"
6,"['expelliarmus', 'useful', 'spell', 'harry', 'death', 'eaters', 'seem', 'think', 'signature', 'move', 'i', 'urge', 'let', 'become']"
6,"['sectumsempra', 'always', 'speciality', 'snape']"
6,"['of', 'course', 'none', 'guests', 'death', 'eaters', 'guarantee', 'zat', 'zey', 'let', 'something', 'slip', 'zey', 'ave', 'ad', 'champagne']"
6,"['hastily', 'pulling', 'wand', 'pointed', 'rag', 'said', 'tergeo']"
6,"['descendo', 'muttered', 'ron', 'pointing', 'wand', 'low', 'ceiling']"
6,"['you', 'know', 'accio']"
6,"['harry', 'seized', 'wand', 'lying', 'beside', 'camp', 'bed', 'pointed', 'cluttered', 'desk', 'left', 'glasses', 'said', 'accio', 'glasses', 'although', 'around', 'foot', 'away', 'something', 'immensely', 'satisfying', 'seeing', 'zoom', 'toward', 'least', 'poked', 'eye']"
6,"['muffliato', 'whispered', 'waving', 'wand', 'direction', 'stairs']"
6,"['as', 'pushed', 'way', 'across', 'dance', 'floor', 'harry', 'saw', 'cloaked', 'masked', 'figures', 'appearing', 'crowd', 'saw', 'lupin', 'tonks', 'wands', 'raised', 'heard', 'shout', 'protego', 'cry', 'echoed', 'sides']"
6,"['the', 'force', 'death', 'eaters', 'spells', 'shattered', 'tiled', 'wall', 'ron', 'head', 'harry', 'still', 'invisible', 'yelled', 'stupefy']"
6,"['expulso', 'bellowed', 'death', 'eater', 'table', 'behind', 'harry', 'standing', 'blew', 'the', 'force', 'explosion', 'slammed', 'wall', 'felt', 'wand', 'leave', 'hand', 'cloak', 'slipped']"
6,"['petrificus', 'totalus', 'screamed', 'hermione', 'sight', 'death', 'eater', 'fell', 'forward', 'like', 'statue', 'land', 'crunching', 'thud', 'mess', 'broken', 'china', 'table', 'coffee']"
6,['diffindo']
6,"['she', 'took', 'deep', 'calming', 'breath', 'pointed', 'wand', 'dolohov', 'forehead', 'said', 'obliviate']"
6,"['before', 'go', 'farther', 'i', 'think', 'better', 'check', 'whispered', 'hermione', 'raised', 'wand', 'said', 'homenum', 'revelio']"
6,"['on', 'landing', 'whispered', 'lumos', 'started', 'climb', 'stairs', 'wandlight']"
6,"['hermione', 'pointed', 'wand', 'handle', 'said', 'alohomora', 'there', 'click', 'door', 'swung', 'open']"
6,"['she', 'raised', 'wand', 'said', 'accio', 'locket']"
6,"['like', 'voldemort', 'put', 'stone', 'basin', 'cave', 'said', 'harry', 'remembering', 'unable', 'summon', 'fake', 'locket']"
6,"['the', 'dark', 'lord', 'tell', 'kreacher', 'took', 'kreacher', 'cave', 'beside', 'sea']"
6,"['and', 'beyond', 'cave', 'cavern', 'cavern', 'great', 'black', 'lake']"
6,"['but', 'apparate', 'cave', 'said', 'harry', 'otherwise', 'dumbledore']"
6,"['and', 'little', 'later', 'master', 'regulus', 'came', 'find', 'kreacher', 'cupboard', 'one', 'night', 'master', 'regulus', 'strange', 'usually', 'disturbed', 'mind', 'kreacher', 'could', 'tell', 'asked', 'kreacher', 'take', 'cave', 'cave', 'kreacher', 'gone', 'dark', 'lord']"
6,"['the', 'elf', 'lay', 'floor', 'panting', 'shivering', 'green', 'mucus', 'glistening', 'around', 'snout', 'bruise', 'already', 'blooming', 'pallid', 'forehead', 'struck', 'eyes', 'swollen', 'bloodshot', 'swimming', 'tears']"
6,['expelliarmus']
6,"['aguamenti', 'screamed', 'hermione', 'jet', 'water', 'streamed', 'wand', 'engulfing', 'spluttering', 'choking', 'mundungus']"
6,"['opening', 'proceeded', 'force', 'painting', 'inside', 'despite', 'fact', 'patently', 'large', 'fit', 'inside', 'tiny', 'bag', 'within', 'seconds', 'vanished', 'like', 'much', 'else', 'bag', 'capacious', 'depths']"
6,"['try', 'finite', 'incantatem', 'said', 'hermione', 'stop', 'rain', 'hex', 'curse', 'something', 'gone', 'wrong', 'atmospheric', 'charm', 'difficult', 'fix', 'interim', 'measure', 'try', 'impervius', 'protect', 'belongings']"
6,"['the', 'silence', 'pressed', 'upon', 'there', 'bustling', 'talk', 'swift', 'footsteps', 'purplecarpeted', 'corridors', 'hushed', 'though', 'muffliato', 'charm', 'cast', 'place']"
6,"['then', 'turned', 'face', 'room', 'raised', 'wand', 'murmured', 'accio', 'locket']"
6,"['did', 'try', 'meteolojinx', 'recanto']"
6,"['meteolojinx', 'recanto', 'whispered', 'ron']"
6,"['he', 'thought', 'casting', 'muffliato', 'charm', 'upon', 'umbridge', 'yaxley', 'even', 'murmuring', 'word', 'might', 'cause', 'hermione', 'alarm']"
6,"['he', 'raised', 'wand', 'even', 'troubling', 'keep', 'concealed', 'beneath', 'invisibility', 'cloak', 'said', 'stupefy']"
6,"['he', 'tried', 'draw', 'wand', 'late', 'stupefy']"
6,"['expecto', 'patronum']"
6,"['diffindo', 'nothing', 'happened']"
6,"['i', 'know', 'harry', 'wakes', 'locket', 'gone', 'i', 'need', 'duplicate', 'geminio']"
6,['relashio']
6,"['expec', 'expecto', 'patronum', 'said', 'hermione']"
6,"['expecto', 'patronum']"
6,"['accio', 'dittany']"
6,"['salvio', 'hexia', 'protego', 'totalum', 'repello', 'muggletum', 'muffliato', 'you', 'could', 'get', 'tent', 'harry']"
6,"['erecto', 'added', 'pointing', 'wand', 'misshapen', 'canvas', 'one', 'fluid', 'motion', 'rose', 'air', 'settled', 'fully', 'constructed', 'onto', 'ground', 'harry', 'whose', 'startled', 'hands', 'tent', 'peg', 'soared', 'land', 'final', 'thud', 'end', 'guy', 'rope']"
6,"['cave', 'inimicum', 'hermione', 'finished', 'skyward', 'flourish']"
6,"['you', 'cast', 'muffliato', 'charm', 'us', 'right', 'whispered', 'hermione']"
6,"['i', 'everything', 'whispered', 'back', 'muffliato', 'mugglerepelling', 'disillusionment', 'charms']"
6,"['accio', 'salmon']"
6,['obscuro']
6,"['protego', 'cried', 'invisible', 'shield', 'expanded', 'harry', 'one', 'side', 'ron', 'forced', 'backward', 'steps', 'strength', 'spell', 'harry', 'ron', 'glared', 'either', 'side', 'transparent', 'barrier', 'though', 'seeing', 'clearly', 'first', 'time']"
6,"['as', 'bathilda', 'fumbled', 'logs', 'fire', 'muttered', 'tergeo', 'the', 'dust', 'vanished', 'photographs', 'saw', 'half', 'dozen', 'missing', 'largest', 'ornate', 'frames']"
6,"['lumos', 'said', 'harry', 'wand', 'ignited']"
6,"['accio', 'accio', 'wand']"
6,"['the', 'snake', 'lunged', 'took', 'running', 'leap', 'dragging', 'hermione', 'struck', 'hermione', 'screamed', 'confringo', 'spell', 'flew', 'around', 'room', 'exploding', 'wardrobe', 'mirror', 'ricocheting', 'back', 'bouncing', 'floor', 'ceiling', 'harry', 'felt', 'heat', 'sear', 'back', 'hand']"
6,"['avada', 'kedavra']"
6,"['avada', 'kedavra']"
6,['lumos']
6,['expelliarmus']
6,"['lumos', 'whispered', 'wandtip', 'ignited']"
6,"['he', 'pointed', 'wand', 'silvery', 'shape', 'murmured', 'accio', 'sword']"
6,['diffindo']
6,['protego']
6,['engorgio']
6,"['sorry', 'reducio']"
6,"['homenum', 'revelio', 'said', 'voice', 'foot', 'stairs']"
6,"['obliviate', 'cried', 'hermione', 'pointing', 'wand', 'first', 'face', 'floor', 'beneath']"
6,['deprimo']
6,"['protego', 'totalum', 'salvio', 'hexia']"
6,"['cave', 'inimicum', 'didn', 'i', 'say', 'erumpent', 'horn', 'i', 'tell']"
6,"['stupefy', 'screamed']"
6,['stupefy']
6,['crucio']
6,"['relashio', 'said', 'ron', 'pointing', 'wand', 'silver', 'hand', 'nothing', 'happened', 'pettigrew', 'dropped', 'knees', 'moment', 'hermione', 'gave', 'dreadful', 'scream', 'overhead']"
6,"['expelliarmus', 'roared', 'pointing', 'wormtail', 'wand', 'bellatrix', 'flew', 'air', 'caught', 'harry', 'sprinted', 'ron']"
6,"['lucius', 'narcissa', 'draco', 'greyback', 'wheeled', 'harry', 'yelled', 'stupefy', 'lucius', 'malfoy', 'collapsed', 'onto', 'hearth']"
6,"['as', 'ron', 'ran', 'pull', 'hermione', 'wreckage', 'harry', 'took', 'chance', 'he', 'leapt', 'armchair', 'wrested', 'three', 'wands', 'draco', 'grip', 'pointed', 'greyback', 'yelled', 'stupefy', 'the', 'werewolf', 'lifted', 'feet', 'triple', 'spell', 'flew', 'ceiling', 'smashed', 'ground']"
6,"['priori', 'incantatem', 'said', 'harry']"
6,"['knowing', 'seconds', 'harry', 'pointed', 'draco', 'wand', 'guards', 'turn', 'murmured', 'confundo', 'twice']"
6,"['harry', 'raised', 'hawthorn', 'wand', 'beneath', 'cloak', 'pointed', 'old', 'goblin', 'whispered', 'first', 'time', 'life', 'imperio']"
6,"['harry', 'acted', 'without', 'thinking', 'pointing', 'wand', 'travers', 'muttered', 'imperio']"
6,['imperio']
6,"['imperio', 'harry', 'said', 'voice', 'echoed', 'stone', 'passage', 'felt', 'sense', 'heady', 'control', 'flowed', 'brain', 'wand']"
6,"['harry', 'i', 'think', 'i', 'hear', 'people', 'coming', 'said', 'hermione', 'pointed', 'bellatrix', 'wand', 'waterfall', 'cried', 'protego', 'they', 'saw', 'shield', 'charm', 'break', 'flow', 'enchanted', 'water', 'flew', 'passageway']"
6,['lumos']
6,"['accio', 'cup', 'cried', 'hermione', 'evidently', 'forgotten', 'desperation', 'griphook', 'told', 'planning', 'sessions']"
6,"['she', 'raised', 'wand', 'pointed', 'harry', 'whispered', 'levicorpus']"
6,"['impervius', 'screeched', 'hermione', 'attempt', 'protect', 'ron', 'goblins', 'burning', 'metal']"
6,"['liberacorpus', 'yelled', 'harry', 'crash', 'griphook', 'landed', 'surface', 'swelling', 'treasure', 'sword', 'flew', 'harry', 'hand']"
6,"['stupefy', 'bellowed', 'ron', 'hermione', 'joined', 'jets', 'red', 'light', 'flew', 'crowd', 'goblins', 'toppled', 'others', 'advanced', 'harry', 'saw', 'several', 'wizard', 'guards', 'running', 'around', 'corner']"
6,"['pointing', 'wand', 'thick', 'cuffs', 'chaining', 'beast', 'floor', 'yelled', 'relashio']"
6,"['harry', 'eyes', 'shut', 'tight', 'heat', 'dust', 'deafened', 'crashing', 'rock', 'dragon', 'roars', 'could', 'cling', 'back', 'expecting', 'shaken', 'moment', 'heard', 'hermione', 'yelling', 'defodio']"
6,"['and', 'could', 'boy', 'anybody', 'else', 'know', 'cave', 'penetrate', 'protection']"
6,"['accio', 'cloak', 'roared', 'one', 'death', 'eaters']"
6,"['it', 'ron', 'hermione', 'thought', 'whispered', 'expecto', 'patronum']"
6,"['you', 'idiot', 'expecto', 'patronum']"
6,"['he', 'hiding', 'cave', 'grawp', 'ever', 'since', 'tried', 'arrest']"
6,"['he', 'moving', 'along', 'tunnel', 'first', 'cave']"
6,"['as', 'amycus', 'spun', 'around', 'harry', 'shouted', 'crucio']"
6,"['before', 'harry', 'luna', 'could', 'act', 'professor', 'mcgonagall', 'rose', 'feet', 'pointed', 'wand', 'groggy', 'death', 'eater', 'said', 'imperio']"
6,"['protego', 'horribilis', 'diadem', 'ravenclaw', 'squeaked', 'flitwick']"
6,"['piertotum', 'oh', 'heaven', 'sake', 'filch']"
6,"['and', 'piertotum', 'locomotor', 'cried', 'professor', 'mcgonagall']"
6,"['heard', 'youknowwho', 'cave', 'said', 'hagrid', 'grimly']"
6,"['accio', 'diadem', 'cried', 'hermione', 'desperation', 'nothing', 'flew', 'air', 'toward']"
6,"['with', 'whiplike', 'movement', 'crabbe', 'pointed', 'wand', 'fiftyfoot', 'mountain', 'old', 'furniture', 'broken', 'trunks', 'old', 'books', 'robes', 'unidentifiable', 'junk', 'shouted', 'descendo']"
6,"['ron', 'harry', 'bellowed', 'somewhere', 'sight', 'hermione', 'screamed', 'harry', 'heard', 'innumerable', 'objects', 'crashing', 'floor', 'side', 'destabilized', 'wall', 'he', 'pointed', 'wand', 'rampart', 'cried', 'finite', 'steadied']"
6,['crucio']
6,"['avada', 'kedavra']"
6,['expelliarmus']
6,"['crabbe', 'wheeled', 'around', 'screamed', 'avada', 'kedavra']"
6,"['aguamenti', 'harry', 'bawled', 'jet', 'water', 'soared', 'tip', 'wand', 'evaporated', 'air']"
6,"['two', 'masked', 'death', 'eaters', 'stood', 'even', 'wands', 'fully', 'raised', 'hermione', 'shouted', 'glisseo']"
6,"['duro', 'cried', 'hermione', 'pointing', 'wand', 'tapestry', 'two', 'loud', 'sickening', 'crunches', 'tapestry', 'turned', 'stone', 'death', 'eaters', 'pursuing', 'crumpled']"
6,"['ron', 'looked', 'around', 'directed', 'wand', 'twig', 'ground', 'said', 'wingardium', 'leviosa', 'the', 'twig', 'flew', 'ground', 'spun', 'air', 'caught', 'gust', 'wind', 'zoomed', 'directly', 'trunk', 'willow', 'ominously', 'swaying', 'branches']"
6,"['with', 'difficulty', 'dragged', 'murmured', 'nox', 'extinguishing', 'wandlight', 'continued', 'hands', 'knees', 'silently', 'possible', 'senses', 'straining', 'expecting', 'every', 'second', 'discovered', 'hear', 'cold', 'clear', 'voice', 'see', 'flash', 'green', 'light']"
6,"['expecto', 'patronum']"
6,"['sectumsempra', 'shouted', 'snape']"
6,"['he', 'lowered', 'shaking', 'hand', 'raised', 'draco', 'wand', 'beneath', 'cloak', 'murmured', 'lumos']"
6,['crucio']
6,"['protego', 'roared', 'harry', 'shield', 'charm', 'expanded', 'middle', 'hall', 'voldemort', 'stared', 'around', 'source', 'harry', 'pulled', 'invisibility', 'cloak', 'last']"
6,"['avada', 'kedavra']"
6,['expelliarmus']
6,"['he', 'laid', 'broken', 'wand', 'upon', 'headmaster', 'desk', 'touched', 'tip', 'elder', 'wand', 'said', 'reparo']"
